province,year,wage_region,informal_rate,min_wage_nominal,cpi_index,cpi_2018_base,real_min_wage,log_real_min_wage,min_wage_growth,unemployment_rate,labour_productivity,trained_labour_rate,employed_persons,log_employed_persons
An Giang,2018,II,84.97,3530000,159.06964122458,100.0,3530000.0,15.07680842890948,0.0,2.51,73.36,13.6,1064.06,6.969847059289122
An Giang,2019,II,82.15,3710000,163.51694791292,102.79582367452576,3609096.038518722,15.098967894110077,0.02240680977867493,3.18,87.28,14.6,972.16,6.879520399967353
An Giang,2020,II,86.35,3920000,168.78372148334,106.106809686611,3694390.5971518825,15.12232617241669,0.023633219433021102,2.53,92.31,13.86,962.3,6.869326252362355
An Giang,2021,II,85.91,3920000,171.88042266406,108.05356782152622,3627830.2318297587,15.104145295249573,-0.018016602081392552,4.52,103.09,13.38,883.74,6.784162901729506
An Giang,2022,II,83.0,4040000,177.30584109585,111.46428679343252,3624479.2984563704,15.1032211941483,-0.0009236742513439866,3.32,110.67,14.53,902.82,6.805523197998842
An Giang,2023,II,81.15,4160000,183.07341008214,115.0901005828451,3614559.3573493445,15.100480513296045,-0.0027369286151670558,3.27,124.24,15.45,900.13,6.802539197337661
An Giang,2024,II,83.14,4285000,189.7026680414,119.2576198581923,3593061.8144947365,15.094515270093154,-0.0059474864649540216,3.57,140.11,16.23,900.66,6.8031278279001395
Ba Ria - Vung Tau,2018,I,64.13,3980000,159.06964122458,100.0,3980000.0,15.196792377260621,0.0,2.36,584.21,25.9,603.2,6.402248816693747
Ba Ria - Vung Tau,2019,I,64.81,4180000,163.51694791292,102.79582367452576,4066313.0568755413,15.218247264027399,0.021686697707422375,2.08,565.8,27.8,611.71,6.416258313997843
Ba Ria - Vung Tau,2020,I,64.59,4420000,168.78372148334,106.106809686611,4165613.887604929,15.242374214703926,0.02442036049376095,3.56,507.86,30.07,577.6,6.358881587578616
Ba Ria - Vung Tau,2021,I,64.68,4420000,171.88042266406,108.05356782152622,4090563.6797672277,15.224193337536809,-0.018016602081392663,9.18,619.56,29.89,565.0,6.336825731146441
Ba Ria - Vung Tau,2022,I,62.96,4550000,177.30584109585,111.46428679343252,4082024.952469427,15.222103735138102,-0.002087420699507736,2.81,675.54,28.04,623.3,6.435027943814805
Ba Ria - Vung Tau,2023,I,59.09,4680000,183.07341008214,115.0901005828451,4066379.2770180125,15.218263548952427,-0.003832822100205413,2.89,657.16,28.77,612.55,6.41763057174018
Ba Ria - Vung Tau,2024,I,60.96,4820000,189.7026680414,119.2576198581923,4041670.465779377,15.21216864610592,-0.006076366604139016,2.48,656.74,30.06,616.6,6.42422051545205
Bac Giang,2018,II,65.47,3530000,159.06964122458,100.0,3530000.0,15.07680842890948,0.0,1.1,83.8,16.7,1078.52,6.983345009931724
Bac Giang,2019,II,67.08,3710000,163.51694791292,102.79582367452576,3609096.038518722,15.098967894110077,0.02240680977867493,1.37,95.02,18.0,1099.78,7.002865438783795
Bac Giang,2020,II,62.81,3920000,168.78372148334,106.106809686611,3694390.5971518825,15.12232617241669,0.023633219433021102,0.79,110.39,19.83,1095.16,6.998655750297762
Bac Giang,2021,II,61.31,3920000,171.88042266406,108.05356782152622,3627830.2318297587,15.104145295249573,-0.018016602081392552,1.64,139.55,26.72,945.3,6.851502337431339
Bac Giang,2022,II,56.77,4040000,177.30584109585,111.46428679343252,3624479.2984563704,15.1032211941483,-0.0009236742513439866,0.79,162.21,32.0,979.82,6.887368881325193
Bac Giang,2023,II,53.61,4160000,183.07341008214,115.0901005828451,3614559.3573493445,15.100480513296045,-0.0027369286151670558,0.85,185.25,32.58,998.6,6.906354298066509
Bac Giang,2024,II,55.76,4285000,189.7026680414,119.2576198581923,3593061.8144947365,15.094515270093154,-0.0059474864649540216,0.65,210.41,33.67,1018.29,6.925880028840684
Bac Kan,2018,III,85.14,3090000,159.06964122458,100.0,3090000.0,14.943681648873929,0.0,0.82,51.7,17.7,213.47,5.363496307573008
Bac Kan,2019,III,86.85,3250000,163.51694791292,102.79582367452576,3161607.041829069,14.96659101383238,0.023173799944682605,1.07,57.48,16.1,208.95,5.342094988893924
Bac Kan,2020,III,87.14,3430000,168.78372148334,106.106809686611,3232591.7725078976,14.988794779792167,0.022452104179829346,0.88,63.59,16.32,204.33,5.319736333921337
Bac Kan,2021,III,79.3,3430000,171.88042266406,108.05356782152622,3174351.452851039,14.97061390262505,-0.018016602081392663,3.86,98.12,27.02,140.08,4.942213687977596
Bac Kan,2022,III,74.9,3535000,177.30584109585,111.46428679343252,3171419.3861493245,14.969689801523778,-0.0009236742513438756,3.16,103.22,27.58,147.14,4.9913845145041185
Bac Kan,2023,III,76.28,3640000,183.07341008214,115.0901005828451,3162739.4376806766,14.966949120671522,-0.002736928615167167,3.42,113.92,27.99,148.76,5.0023342690568695
Bac Kan,2024,III,75.28,3750000,189.7026680414,119.2576198581923,3144453.163210097,14.96115055802573,-0.0057817834288586,3.23,123.07,29.04,152.65,5.028147719180887
Bac Lieu,2018,III,88.19,3090000,159.06964122458,100.0,3090000.0,14.943681648873929,0.0,3.66,80.24,8.2,494.5,6.203547151062767
Bac Lieu,2019,III,87.96,3250000,163.51694791292,102.79582367452576,3161607.041829069,14.96659101383238,0.023173799944682605,3.74,83.31,8.8,500.89,6.216386516099603
Bac Lieu,2020,III,88.94,3430000,168.78372148334,106.106809686611,3232591.7725078976,14.988794779792167,0.022452104179829346,3.48,89.22,10.27,491.64,6.19774674134678
Bac Lieu,2021,III,88.52,3430000,171.88042266406,108.05356782152622,3174351.452851039,14.97061390262505,-0.018016602081392663,2.35,100.38,10.66,470.71,6.154242193135749
Bac Lieu,2022,II,87.43,4040000,177.30584109585,111.46428679343252,3624479.2984563704,15.1032211941483,-0.0009236742513439866,2.12,117.18,12.19,472.95,6.158989674659179
Bac Lieu,2023,II,86.1,4160000,183.07341008214,115.0901005828451,3614559.3573493445,15.100480513296045,-0.0027369286151670558,2.05,125.74,13.06,474.25,6.161734608815124
Bac Lieu,2024,II,86.99,4285000,189.7026680414,119.2576198581923,3593061.8144947365,15.094515270093154,-0.0059474864649540216,2.34,137.98,14.3,476.35,6.166152878152788
Bac Ninh,2018,II,65.58,3530000,159.06964122458,100.0,3530000.0,15.07680842890948,0.0,2.1,275.72,28.0,703.06,6.5554422366750895
Bac Ninh,2019,II,52.77,3710000,163.51694791292,102.79582367452576,3609096.038518722,15.098967894110077,0.02240680977867493,2.48,263.34,28.0,759.05,6.6320676513787244
Bac Ninh,2020,II,57.15,3920000,168.78372148334,106.106809686611,3694390.5971518825,15.12232617241669,0.023633219433021102,2.19,275.46,27.8,758.68,6.631580081116121
Bac Ninh,2021,II,54.22,3920000,171.88042266406,108.05356782152622,3627830.2318297587,15.104145295249573,-0.018016602081392552,2.7,309.02,33.49,746.34,6.615181260449928
Bac Ninh,2022,II,51.08,4040000,177.30584109585,111.46428679343252,3624479.2984563704,15.1032211941483,-0.0009236742513439866,2.55,327.31,34.42,768.74,6.64475281090604
Bac Ninh,2023,II,55.05,4160000,183.07341008214,115.0901005828451,3614559.3573493445,15.100480513296045,-0.0027369286151670558,2.68,308.19,34.45,771.74,6.648647705734341
Bac Ninh,2024,II,54.25,4285000,189.7026680414,119.2576198581923,3593061.8144947365,15.094515270093154,-0.0059474864649540216,2.31,314.73,35.88,781.8,6.661598953358855
Ben Tre,2018,III,85.46,3090000,159.06964122458,100.0,3090000.0,14.943681648873929,0.0,0.33,58.79,9.2,803.99,6.689586831290671
Ben Tre,2019,III,85.02,3250000,163.51694791292,102.79582367452576,3161607.041829069,14.96659101383238,0.023173799944682605,1.88,63.76,11.6,815.0,6.703188113240863
Ben Tre,2020,III,83.69,3430000,168.78372148334,106.106809686611,3232591.7725078976,14.988794779792167,0.022452104179829346,2.16,66.69,12.56,811.28,6.698613247303741
Ben Tre,2021,III,85.56,3430000,171.88042266406,108.05356782152622,3174351.452851039,14.97061390262505,-0.018016602081392663,2.09,75.95,12.95,761.1,6.634764755273346
Ben Tre,2022,III,86.06,3535000,177.30584109585,111.46428679343252,3171419.3861493245,14.969689801523778,-0.0009236742513438756,2.0,82.35,11.93,772.23,6.649282433114343
Ben Tre,2023,III,83.27,3640000,183.07341008214,115.0901005828451,3162739.4376806766,14.966949120671522,-0.002736928615167167,1.83,87.03,12.7,773.37,6.650757588661351
Ben Tre,2024,III,82.44,3750000,189.7026680414,119.2576198581923,3144453.163210097,14.96115055802573,-0.0057817834288586,1.97,95.22,13.68,774.12,6.65172690033215
Binh Dinh,2018,III,82.61,3090000,159.06964122458,100.0,3090000.0,14.943681648873929,0.0,3.06,84.65,21.2,883.09,6.783427120664747
Binh Dinh,2019,III,83.08,3250000,163.51694791292,102.79582367452576,3161607.041829069,14.96659101383238,0.023173799944682605,3.42,95.8,19.2,864.56,6.76222070699491
Binh Dinh,2020,III,79.57,3430000,168.78372148334,106.106809686611,3232591.7725078976,14.988794779792167,0.022452104179829346,2.85,106.09,21.8,842.71,6.7366228893271005
Binh Dinh,2021,III,83.54,3430000,171.88042266406,108.05356782152622,3174351.452851039,14.97061390262505,-0.018016602081392663,2.75,117.95,24.96,814.0,6.70196036600254
Binh Dinh,2022,III,79.79,3535000,177.30584109585,111.46428679343252,3171419.3861493245,14.969689801523778,-0.0009236742513438756,2.54,129.08,25.01,825.84,6.716401050157335
Binh Dinh,2023,III,78.24,3640000,183.07341008214,115.0901005828451,3162739.4376806766,14.966949120671522,-0.002736928615167167,1.99,141.2,25.58,833.12,6.725177689414589
Binh Dinh,2024,III,77.87,3750000,189.7026680414,119.2576198581923,3144453.163210097,14.96115055802573,-0.0057817834288586,1.96,154.7,26.15,836.88,6.729680691035505
Binh Duong,2018,I,36.95,3980000,159.06964122458,100.0,3980000.0,15.196792377260621,0.0,2.23,225.52,20.6,1431.58,7.2665340084114955
Binh Duong,2019,I,31.98,4180000,163.51694791292,102.79582367452576,4066313.0568755413,15.218247264027399,0.021686697707422375,2.67,225.72,21.9,1603.79,7.380124857162069
Binh Duong,2020,I,31.42,4420000,168.78372148334,106.106809686611,4165613.887604929,15.242374214703926,0.02442036049376095,3.31,243.02,20.13,1597.92,7.376458062494825
Binh Duong,2021,I,34.49,4420000,171.88042266406,108.05356782152622,4090563.6797672277,15.224193337536809,-0.018016602081392663,2.2,252.24,21.03,1620.42,7.3904406538838145
Binh Duong,2022,I,32.81,4550000,177.30584109585,111.46428679343252,4082024.952469427,15.222103735138102,-0.002087420699507736,1.31,259.43,21.1,1760.31,7.473245208885646
Binh Duong,2023,I,29.22,4680000,183.07341008214,115.0901005828451,4066379.2770180125,15.218263548952427,-0.003832822100205413,1.42,254.65,23.28,1845.32,7.5204079831697666
Binh Duong,2024,I,28.39,4820000,189.7026680414,119.2576198581923,4041670.465779377,15.21216864610592,-0.006076366604139016,1.81,266.3,23.79,1910.18,7.554952757437984
Binh Phuoc,2018,III,70.16,3090000,159.06964122458,100.0,3090000.0,14.943681648873929,0.0,3.04,96.85,16.8,570.28,6.3461274682857605
Binh Phuoc,2019,III,76.58,3250000,163.51694791292,102.79582367452576,3161607.041829069,14.96659101383238,0.023173799944682605,2.73,106.21,15.8,588.19,6.377050024955315
Binh Phuoc,2020,III,74.73,3430000,168.78372148334,106.106809686611,3232591.7725078976,14.988794779792167,0.022452104179829346,2.93,116.54,18.06,587.6,6.376046444299722
Binh Phuoc,2021,III,73.35,3430000,171.88042266406,108.05356782152622,3174351.452851039,14.97061390262505,-0.018016602081392663,3.01,133.66,19.21,583.37,6.3688216334168795
Binh Phuoc,2022,II,72.1,4040000,177.30584109585,111.46428679343252,3624479.2984563704,15.1032211941483,-0.0009236742513439866,2.05,152.74,20.11,591.56,6.382763115298569
Binh Phuoc,2023,II,72.95,4160000,183.07341008214,115.0901005828451,3614559.3573493445,15.100480513296045,-0.0027369286151670558,2.79,168.44,20.0,587.42,6.375740066533543
Binh Phuoc,2024,II,72.87,4285000,189.7026680414,119.2576198581923,3593061.8144947365,15.094515270093154,-0.0059474864649540216,2.46,193.8,21.6,589.92,6.379986934485834
Binh Thuan,2018,III,80.56,3090000,159.06964122458,100.0,3090000.0,14.943681648873929,0.0,2.87,93.47,14.0,700.99,6.552493621597604
Binh Thuan,2019,III,80.77,3250000,163.51694791292,102.79582367452576,3161607.041829069,14.96659101383238,0.023173799944682605,2.94,111.9,16.3,707.36,6.561539730077933
Binh Thuan,2020,III,80.59,3430000,168.78372148334,106.106809686611,3232591.7725078976,14.988794779792167,0.022452104179829346,2.86,123.71,15.66,693.53,6.541794497651262
Binh Thuan,2021,III,82.57,3430000,171.88042266406,108.05356782152622,3174351.452851039,14.97061390262505,-0.018016602081392663,3.5,136.69,18.29,669.58,6.506650650150935
Binh Thuan,2022,II,81.54,4040000,177.30584109585,111.46428679343252,3624479.2984563704,15.1032211941483,-0.0009236742513439866,3.5,147.96,18.47,673.5,6.512487995850418
Binh Thuan,2023,II,79.02,4160000,183.07341008214,115.0901005828451,3614559.3573493445,15.100480513296045,-0.0027369286151670558,2.35,150.99,19.55,685.23,6.529754548328652
Binh Thuan,2024,II,78.32,4285000,189.7026680414,119.2576198581923,3593061.8144947365,15.094515270093154,-0.0059474864649540216,2.18,168.27,21.4,692.0,6.539585955617669
Ca Mau,2018,III,85.08,3090000,159.06964122458,100.0,3090000.0,14.943681648873929,0.0,2.55,86.09,12.5,669.56,6.506620780234419
Ca Mau,2019,III,86.68,3250000,163.51694791292,102.79582367452576,3161607.041829069,14.96659101383238,0.023173799944682605,2.1,89.31,12.3,677.62,6.5185866588408645
Ca Mau,2020,III,87.63,3430000,168.78372148334,106.106809686611,3232591.7725078976,14.988794779792167,0.022452104179829346,2.27,93.16,13.02,656.37,6.486724654332361
Ca Mau,2021,III,84.48,3430000,171.88042266406,108.05356782152622,3174351.452851039,14.97061390262505,-0.018016602081392663,2.52,107.38,14.08,583.26,6.368633056061032
Ca Mau,2022,II,83.96,4040000,177.30584109585,111.46428679343252,3624479.2984563704,15.1032211941483,-0.0009236742513439866,1.47,122.59,14.33,601.77,6.399875312504716
Ca Mau,2023,II,81.93,4160000,183.07341008214,115.0901005828451,3614559.3573493445,15.100480513296045,-0.0027369286151670558,1.91,126.23,15.13,615.78,6.422889756885678
Ca Mau,2024,II,81.71,4285000,189.7026680414,119.2576198581923,3593061.8144947365,15.094515270093154,-0.0059474864649540216,2.25,138.66,16.42,623.68,6.435637416319196
Can Tho,2018,II,69.6,3530000,159.06964122458,100.0,3530000.0,15.07680842890948,0.0,3.58,122.59,24.2,678.87,6.520429651201759
Can Tho,2019,II,82.34,3710000,163.51694791292,102.79582367452576,3609096.038518722,15.098967894110077,0.02240680977867493,3.18,128.26,16.4,700.21,6.5513802900524025
Can Tho,2020,II,73.92,3920000,168.78372148334,106.106809686611,3694390.5971518825,15.12232617241669,0.023633219433021102,3.6,129.59,20.6,693.32,6.54149165307311
Can Tho,2021,II,73.61,3920000,171.88042266406,108.05356782152622,3627830.2318297587,15.104145295249573,-0.018016602081392552,3.96,163.79,24.18,562.85,6.333013162800813
Can Tho,2022,II,73.13,4040000,177.30584109585,111.46428679343252,3624479.2984563704,15.1032211941483,-0.0009236742513439866,3.72,185.67,22.93,586.75,6.374598834731133
Can Tho,2023,II,71.45,4160000,183.07341008214,115.0901005828451,3614559.3573493445,15.100480513296045,-0.0027369286151670558,3.78,199.12,23.35,596.32,6.390777435730948
Can Tho,2024,II,69.79,4285000,189.7026680414,119.2576198581923,3593061.8144947365,15.094515270093154,-0.0059474864649540216,3.82,218.42,25.19,607.05,6.408611159989984
Cao Bang,2018,IV,86.19,2760000,159.06964122458,100.0,2760000.0,14.830741237693333,0.0,1.05,46.7,20.6,346.72,5.848517537788049
Cao Bang,2019,IV,86.58,2920000,163.51694791292,102.79582367452576,2840582.326812579,14.859519633770924,0.02919649522194878,0.79,50.39,20.8,346.5,5.847882818629958
Cao Bang,2020,IV,87.5,3070000,168.78372148334,106.106809686611,2893311.003381704,14.877912080213424,0.018562629243804363,0.96,55.19,21.8,345.91,5.846178625614856
Cao Bang,2021,IV,68.47,3070000,171.88042266406,108.05356782152622,2841183.3703360613,14.859731203046309,-0.018016602081392552,4.29,123.57,24.7,157.3,5.058154810064233
Cao Bang,2022,IV,75.61,3160000,177.30584109585,111.46428679343252,2834988.758198547,14.857548529774062,-0.0021802929730584397,3.73,104.24,25.57,201.68,5.306682282879664
Cao Bang,2023,IV,79.71,3250000,183.07341008214,115.0901005828451,2823874.4979291754,14.853620435364519,-0.003920389538487723,3.13,101.87,25.9,220.4,5.39544407727876
Cao Bang,2024,IV,79.54,3350000,189.7026680414,119.2576198581923,2809044.8258010196,14.848355063880385,-0.005251533713354073,2.41,108.26,26.1,228.25,5.430441519475078
Da Nang,2018,II,53.23,3530000,159.06964122458,100.0,3530000.0,15.07680842890948,0.0,4.28,174.33,42.6,581.67,6.365903276611023
Da Nang,2019,II,54.1,3710000,163.51694791292,102.79582367452576,3609096.038518722,15.098967894110077,0.02240680977867493,3.55,189.66,44.6,586.25,6.373746319760489
Da Nang,2020,II,55.16,3920000,168.78372148334,106.106809686611,3694390.5971518825,15.12232617241669,0.023633219433021102,9.41,194.43,44.04,534.43,6.281200758371324
Da Nang,2021,II,50.81,3920000,171.88042266406,108.05356782152622,3627830.2318297587,15.104145295249573,-0.018016602081392552,8.06,202.08,48.14,534.86,6.282005030408244
Da Nang,2022,II,52.94,4040000,177.30584109585,111.46428679343252,3624479.2984563704,15.1032211941483,-0.0009236742513439866,2.42,198.42,48.54,627.06,6.441042229834467
Da Nang,2023,II,49.35,4160000,183.07341008214,115.0901005828451,3614559.3573493445,15.100480513296045,-0.0027369286151670558,1.98,212.99,49.71,633.18,6.450754741911053
Da Nang,2024,II,50.28,4285000,189.7026680414,119.2576198581923,3593061.8144947365,15.094515270093154,-0.0059474864649540216,1.86,236.61,51.29,643.39,6.466751072253305
Dak Lak,2018,III,87.39,3090000,159.06964122458,100.0,3090000.0,14.943681648873929,0.0,2.03,65.57,14.5,1111.1,7.013105794589963
Dak Lak,2019,III,88.33,3250000,163.51694791292,102.79582367452576,3161607.041829069,14.96659101383238,0.023173799944682605,2.12,71.27,14.6,1095.01,6.998518774628992
Dak Lak,2020,III,86.35,3430000,168.78372148334,106.106809686611,3232591.7725078976,14.988794779792167,0.022452104179829346,2.2,80.54,17.2,1079.72,6.984457027245514
Dak Lak,2021,III,86.82,3430000,171.88042266406,108.05356782152622,3174351.452851039,14.97061390262505,-0.018016602081392663,1.05,87.56,18.28,1110.97,7.01298878657478
Dak Lak,2022,III,86.61,3535000,177.30584109585,111.46428679343252,3171419.3861493245,14.969689801523778,-0.0009236742513438756,0.81,97.05,17.98,1133.19,7.032791943349829
Dak Lak,2023,III,86.32,3640000,183.07341008214,115.0901005828451,3162739.4376806766,14.966949120671522,-0.002736928615167167,0.98,103.16,18.28,1133.2,7.0328007679563616
Dak Lak,2024,III,84.85,3750000,189.7026680414,119.2576198581923,3144453.163210097,14.96115055802573,-0.0057817834288586,1.24,123.95,19.65,1137.71,7.036772749170398
Dak Nong,2018,IV,87.76,2760000,159.06964122458,100.0,2760000.0,14.830741237693333,0.0,0.76,73.02,13.9,370.88,5.915878560151387
Dak Nong,2019,IV,88.06,2920000,163.51694791292,102.79582367452576,2840582.326812579,14.859519633770924,0.02919649522194878,1.14,76.91,14.1,370.02,5.913557058231456
Dak Nong,2020,IV,87.46,3070000,168.78372148334,106.106809686611,2893311.003381704,14.877912080213424,0.018562629243804363,1.79,83.67,14.33,366.98,5.905307350656807
Dak Nong,2021,IV,90.0,3070000,171.88042266406,108.05356782152622,2841183.3703360613,14.859731203046309,-0.018016602081392552,0.66,91.44,15.41,386.76,5.957804345615346
Dak Nong,2022,IV,88.77,3160000,177.30584109585,111.46428679343252,2834988.758198547,14.857548529774062,-0.0021802929730584397,0.64,102.38,14.73,389.37,5.964530048367777
Dak Nong,2023,IV,88.4,3250000,183.07341008214,115.0901005828451,2823874.4979291754,14.853620435364519,-0.003920389538487723,0.75,113.71,16.71,392.46,5.9724346212011765
Dak Nong,2024,IV,88.14,3350000,189.7026680414,119.2576198581923,2809044.8258010196,14.848355063880385,-0.005251533713354073,0.55,146.05,17.91,396.66,5.983079490573542
Dien Bien,2018,III,86.41,3090000,159.06964122458,100.0,3090000.0,14.943681648873929,0.0,0.5,51.07,15.6,354.4,5.870426218730926
Dien Bien,2019,III,86.13,3250000,163.51694791292,102.79582367452576,3161607.041829069,14.96659101383238,0.023173799944682605,0.47,55.28,16.1,349.82,5.857418736478917
Dien Bien,2020,III,87.12,3430000,168.78372148334,106.106809686611,3232591.7725078976,14.988794779792167,0.022452104179829346,0.45,57.74,16.2,351.62,5.862551047014644
Dien Bien,2021,III,85.4,3430000,171.88042266406,108.05356782152622,3174351.452851039,14.97061390262505,-0.018016602081392663,0.51,73.65,18.78,299.62,5.702515005089236
Dien Bien,2022,III,85.66,3535000,177.30584109585,111.46428679343252,3171419.3861493245,14.969689801523778,-0.0009236742513438756,0.39,76.36,18.05,329.58,5.797819116582584
Dien Bien,2023,III,86.68,3640000,183.07341008214,115.0901005828451,3162739.4376806766,14.966949120671522,-0.002736928615167167,0.31,82.43,18.2,338.57,5.824730865655679
Dien Bien,2024,III,89.14,3750000,189.7026680414,119.2576198581923,3144453.163210097,14.96115055802573,-0.0057817834288586,0.56,90.32,18.4,347.08,5.849555300925289
Dong Nai,2018,I,56.49,3980000,159.06964122458,100.0,3980000.0,15.196792377260621,0.0,2.64,193.83,20.1,1624.69,7.393072307334305
Dong Nai,2019,I,45.12,4180000,163.51694791292,102.79582367452576,4066313.0568755413,15.218247264027399,0.021686697707422375,1.62,198.34,20.0,1737.59,7.460254374658599
Dong Nai,2020,I,44.47,4420000,168.78372148334,106.106809686611,4165613.887604929,15.242374214703926,0.02442036049376095,1.86,210.62,22.5,1735.88,7.459269768407129
Dong Nai,2021,I,42.45,4420000,171.88042266406,108.05356782152622,4090563.6797672277,15.224193337536809,-0.018016602081392663,2.22,219.48,21.89,1719.64,7.449870245575129
Dong Nai,2022,I,40.3,4550000,177.30584109585,111.46428679343252,4082024.952469427,15.222103735138102,-0.002087420699507736,1.81,240.85,22.28,1746.5,7.465369064246887
Dong Nai,2023,I,42.83,4680000,183.07341008214,115.0901005828451,4066379.2770180125,15.218263548952427,-0.003832822100205413,2.66,246.45,22.8,1785.78,7.487610573557975
Dong Nai,2024,I,44.61,4820000,189.7026680414,119.2576198581923,4041670.465779377,15.21216864610592,-0.006076366604139016,2.35,264.91,23.65,1807.81,7.499871446934364
Dong Thap,2018,III,85.1,3090000,159.06964122458,100.0,3090000.0,14.943681648873929,0.0,3.6,74.28,11.4,1023.76,6.931237403129341
Dong Thap,2019,III,86.34,3250000,163.51694791292,102.79582367452576,3161607.041829069,14.96659101383238,0.023173799944682605,1.28,89.63,13.5,918.08,6.822284532793
Dong Thap,2020,III,85.05,3430000,168.78372148334,106.106809686611,3232591.7725078976,14.988794779792167,0.022452104179829346,2.79,95.54,14.97,894.06,6.795772887015424
Dong Thap,2021,III,84.08,3430000,171.88042266406,108.05356782152622,3174351.452851039,14.97061390262505,-0.018016602081392663,5.44,100.19,14.27,869.09,6.767446687221425
Dong Thap,2022,III,79.73,3535000,177.30584109585,111.46428679343252,3171419.3861493245,14.969689801523778,-0.0009236742513438756,4.94,113.91,14.44,867.34,6.765431056769882
Dong Thap,2023,III,80.1,3640000,183.07341008214,115.0901005828451,3162739.4376806766,14.966949120671522,-0.002736928615167167,4.95,126.18,14.57,872.02,6.770812359425775
Dong Thap,2024,III,78.78,3750000,189.7026680414,119.2576198581923,3144453.163210097,14.96115055802573,-0.0057817834288586,4.19,140.27,16.28,876.97,6.776472784261436
Gia Lai,2018,III,88.86,3090000,159.06964122458,100.0,3090000.0,14.943681648873929,0.0,0.81,65.71,10.4,895.73,6.797639028277411
Gia Lai,2019,III,88.88,3250000,163.51694791292,102.79582367452576,3161607.041829069,14.96659101383238,0.023173799944682605,1.08,68.09,12.5,898.7,6.800949274664328
Gia Lai,2020,III,85.74,3430000,168.78372148334,106.106809686611,3232591.7725078976,14.988794779792167,0.022452104179829346,1.76,74.26,14.9,884.3,6.784796371581689
Gia Lai,2021,III,88.78,3430000,171.88042266406,108.05356782152622,3174351.452851039,14.97061390262505,-0.018016602081392663,0.7,83.19,15.9,909.43,6.812818029630606
Gia Lai,2022,III,88.21,3535000,177.30584109585,111.46428679343252,3171419.3861493245,14.969689801523778,-0.0009236742513438756,0.52,91.61,15.29,925.24,6.8300531633181
Gia Lai,2023,III,88.27,3640000,183.07341008214,115.0901005828451,3162739.4376806766,14.966949120671522,-0.002736928615167167,0.5,98.77,15.28,944.79,6.850962680576504
Gia Lai,2024,III,88.37,3750000,189.7026680414,119.2576198581923,3144453.163210097,14.96115055802573,-0.0057817834288586,0.7,114.16,16.22,954.84,6.861543787177443
Ha Giang,2018,IV,87.73,2760000,159.06964122458,100.0,2760000.0,14.830741237693333,0.0,0.34,41.89,13.8,526.85,6.266915878045537
Ha Giang,2019,IV,89.54,2920000,163.51694791292,102.79582367452576,2840582.326812579,14.859519633770924,0.02919649522194878,0.93,45.82,12.5,528.0,6.269096283706261
Ha Giang,2020,IV,89.9,3070000,168.78372148334,106.106809686611,2893311.003381704,14.877912080213424,0.018562629243804363,1.03,49.45,12.81,524.43,6.262311958491202
Ha Giang,2021,IV,85.17,3070000,171.88042266406,108.05356782152622,2841183.3703360613,14.859731203046309,-0.018016602081392552,4.36,77.84,19.54,350.52,5.85941776618765
Ha Giang,2022,IV,78.68,3160000,177.30584109585,111.46428679343252,2834988.758198547,14.857548529774062,-0.0021802929730584397,4.25,83.37,20.64,361.34,5.889819343345781
Ha Giang,2023,IV,78.78,3250000,183.07341008214,115.0901005828451,2823874.4979291754,14.853620435364519,-0.003920389538487723,3.14,85.27,21.05,366.16,5.903070396345386
Ha Giang,2024,IV,81.69,3350000,189.7026680414,119.2576198581923,2809044.8258010196,14.848355063880385,-0.005251533713354073,2.89,92.48,22.27,372.65,5.9206396413277025
Ha Nam,2018,III,72.68,3090000,159.06964122458,100.0,3090000.0,14.943681648873929,0.0,2.17,99.58,20.8,479.04,6.171784101231264
Ha Nam,2019,III,73.3,3250000,163.51694791292,102.79582367452576,3161607.041829069,14.96659101383238,0.023173799944682605,1.83,114.25,20.0,478.9,6.171491807348564
Ha Nam,2020,III,68.99,3430000,168.78372148334,106.106809686611,3232591.7725078976,14.988794779792167,0.022452104179829346,1.76,130.26,22.05,460.05,6.13133517922837
Ha Nam,2021,III,64.6,3430000,171.88042266406,108.05356782152622,3174351.452851039,14.97061390262505,-0.018016602081392663,1.91,153.76,27.57,432.36,6.0692585745480025
Ha Nam,2022,III,62.26,3535000,177.30584109585,111.46428679343252,3171419.3861493245,14.969689801523778,-0.0009236742513438756,0.91,168.36,27.6,453.34,6.116642395836211
Ha Nam,2023,III,56.75,3640000,183.07341008214,115.0901005828451,3162739.4376806766,14.966949120671522,-0.002736928615167167,1.34,185.82,29.45,456.5,6.1235887000350235
Ha Nam,2024,III,54.05,3750000,189.7026680414,119.2576198581923,3144453.163210097,14.96115055802573,-0.0057817834288586,1.89,208.32,32.25,461.58,6.134655386698898
Ha Noi,2018,I,61.83,3980000,159.06964122458,100.0,3980000.0,15.196792377260621,0.0,1.8,215.49,42.0,4098.87,8.318466604948952
Ha Noi,2019,I,56.18,4180000,163.51694791292,102.79582367452576,4066313.0568755413,15.218247264027399,0.021686697707422375,1.78,240.54,48.1,4048.73,8.306158530677104
Ha Noi,2020,I,58.52,4420000,168.78372148334,106.106809686611,4165613.887604929,15.242374214703926,0.02442036049376095,2.11,251.72,48.5,4042.59,8.30464085465427
Ha Noi,2021,I,56.09,4420000,171.88042266406,108.05356782152622,4090563.6797672277,15.224193337536809,-0.018016602081392663,2.68,278.43,50.27,3839.69,8.253146913156332
Ha Noi,2022,I,53.09,4550000,177.30584109585,111.46428679343252,4082024.952469427,15.222103735138102,-0.002087420699507736,2.22,304.06,50.3,3928.74,8.27607404276969
Ha Noi,2023,I,53.37,4680000,183.07341008214,115.0901005828451,4066379.2770180125,15.218263548952427,-0.003832822100205413,2.01,319.04,50.77,4028.92,8.30125362895053
Ha Noi,2024,I,51.83,4820000,189.7026680414,119.2576198581923,4041670.465779377,15.21216864610592,-0.006076366604139016,1.77,345.63,53.9,4109.35,8.321020144131534
Ha Tinh,2018,III,79.92,3090000,159.06964122458,100.0,3090000.0,14.943681648873929,0.0,4.97,102.87,24.2,681.24,6.523914666970636
Ha Tinh,2019,III,82.87,3250000,163.51694791292,102.79582367452576,3161607.041829069,14.96659101383238,0.023173799944682605,3.36,113.69,25.0,687.08,6.532450733768825
Ha Tinh,2020,III,82.9,3430000,168.78372148334,106.106809686611,3232591.7725078976,14.988794779792167,0.022452104179829346,3.18,125.93,25.7,654.39,6.483703503998185
Ha Tinh,2021,III,78.5,3430000,171.88042266406,108.05356782152622,3174351.452851039,14.97061390262505,-0.018016602081392663,5.38,184.92,30.48,489.6,6.193588731198116
Ha Tinh,2022,III,75.88,3535000,177.30584109585,111.46428679343252,3171419.3861493245,14.969689801523778,-0.0009236742513438756,5.43,187.48,30.8,502.97,6.220530526173959
Ha Tinh,2023,III,76.53,3640000,183.07341008214,115.0901005828451,3162739.4376806766,14.966949120671522,-0.002736928615167167,5.51,201.63,31.58,502.27,6.2191378237085875
Ha Tinh,2024,III,77.95,3750000,189.7026680414,119.2576198581923,3144453.163210097,14.96115055802573,-0.0057817834288586,4.4,217.31,32.28,506.76,6.228037518733853
Hai Duong,2018,II,66.96,3530000,159.06964122458,100.0,3530000.0,15.07680842890948,0.0,2.75,110.78,17.5,1037.56,6.944627081757988
Hai Duong,2019,II,62.69,3710000,163.51694791292,102.79582367452576,3609096.038518722,15.098967894110077,0.02240680977867493,1.99,120.19,22.1,1053.91,6.960262336461152
Hai Duong,2020,II,58.08,3920000,168.78372148334,106.106809686611,3694390.5971518825,15.12232617241669,0.023633219433021102,1.7,131.15,24.77,999.61,6.9073652029123584
Hai Duong,2021,II,54.71,3920000,171.88042266406,108.05356782152622,3627830.2318297587,15.104145295249573,-0.018016602081392552,1.18,160.97,30.4,930.06,6.8352491001952576
Hai Duong,2022,II,50.97,4040000,177.30584109585,111.46428679343252,3624479.2984563704,15.1032211941483,-0.0009236742513439866,1.5,181.15,29.69,940.3,6.846198973283031
Hai Duong,2023,II,52.56,4160000,183.07341008214,115.0901005828451,3614559.3573493445,15.100480513296045,-0.0027369286151670558,1.33,198.22,29.24,936.39,6.842032056362808
Hai Duong,2024,II,52.01,4285000,189.7026680414,119.2576198581923,3593061.8144947365,15.094515270093154,-0.0059474864649540216,1.27,224.65,29.42,935.61,6.841198722981249
Hai Phong,2018,I,63.43,3980000,159.06964122458,100.0,3980000.0,15.196792377260621,0.0,3.55,189.88,31.3,1108.81,7.011042647153989
Hai Phong,2019,I,60.33,4180000,163.51694791292,102.79582367452576,4066313.0568755413,15.218247264027399,0.021686697707422375,2.06,227.77,31.6,1090.67,6.994547465284577
Hai Phong,2020,I,57.17,4420000,168.78372148334,106.106809686611,4165613.887604929,15.242374214703926,0.02442036049376095,2.37,260.68,34.7,1054.81,6.961115934904424
Hai Phong,2021,I,56.73,4420000,171.88042266406,108.05356782152622,4090563.6797672277,15.224193337536809,-0.018016602081392663,2.41,309.66,36.01,1011.46,6.919150110596011
Hai Phong,2022,I,48.52,4550000,177.30584109585,111.46428679343252,4082024.952469427,15.222103735138102,-0.002087420699507736,2.36,356.76,36.45,1015.58,6.92321515684418
Hai Phong,2023,I,46.81,4680000,183.07341008214,115.0901005828451,4066379.2770180125,15.218263548952427,-0.003832822100205413,2.35,381.86,36.5,1020.2,6.927753965488826
Hai Phong,2024,I,43.08,4820000,189.7026680414,119.2576198581923,4041670.465779377,15.21216864610592,-0.006076366604139016,2.15,427.62,38.04,1024.48,6.9319404457704925
Hau Giang,2018,III,84.87,3090000,159.06964122458,100.0,3090000.0,14.943681648873929,0.0,1.86,73.65,9.7,441.68,6.0905856379757894
Hau Giang,2019,III,84.64,3250000,163.51694791292,102.79582367452576,3161607.041829069,14.96659101383238,0.023173799944682605,3.11,87.25,10.8,408.16,6.011659254393502
Hau Giang,2020,III,81.26,3430000,168.78372148334,106.106809686611,3232591.7725078976,14.988794779792167,0.022452104179829346,3.05,95.99,14.23,391.39,5.969704505325418
Hau Giang,2021,III,83.39,3430000,171.88042266406,108.05356782152622,3174351.452851039,14.97061390262505,-0.018016602081392663,5.43,106.11,13.5,374.22,5.924843859766086
Hau Giang,2022,III,80.94,3535000,177.30584109585,111.46428679343252,3171419.3861493245,14.969689801523778,-0.0009236742513438756,1.69,119.25,12.48,405.6,6.005367452276974
Hau Giang,2023,III,82.21,3640000,183.07341008214,115.0901005828451,3162739.4376806766,14.966949120671522,-0.002736928615167167,2.01,143.42,13.7,403.96,6.001315863158356
Hau Giang,2024,III,82.79,3750000,189.7026680414,119.2576198581923,3144453.163210097,14.96115055802573,-0.0057817834288586,2.03,161.96,14.05,406.8,6.008321664174405
Ho Chi Minh city,2018,I,45.34,3980000,159.06964122458,100.0,3980000.0,15.196792377260621,0.0,2.89,271.3,36.8,4522.91,8.41691087098228
Ho Chi Minh city,2019,I,44.21,4180000,163.51694791292,102.79582367452576,4066313.0568755413,15.218247264027399,0.021686697707422375,2.82,286.34,37.1,4692.57,8.453735685770818
Ho Chi Minh city,2020,I,46.45,4420000,168.78372148334,106.106809686611,4165613.887604929,15.242374214703926,0.02442036049376095,3.91,298.82,38.71,4589.77,8.431585192866635
Ho Chi Minh city,2021,I,48.03,4420000,171.88042266406,108.05356782152622,4090563.6797672277,15.224193337536809,-0.018016602081392663,6.4,308.96,35.55,4331.54,8.373678415963765
Ho Chi Minh city,2022,I,46.57,4550000,177.30584109585,111.46428679343252,4082024.952469427,15.222103735138102,-0.002087420699507736,4.19,332.11,35.62,4507.49,8.413495736550331
Ho Chi Minh city,2023,I,47.94,4680000,183.07341008214,115.0901005828451,4066379.2770180125,15.218263548952427,-0.003832822100205413,3.8,342.32,36.01,4666.82,8.448233176532359
Ho Chi Minh city,2024,I,45.57,4820000,189.7026680414,119.2576198581923,4041670.465779377,15.21216864610592,-0.006076366604139016,3.42,370.69,37.46,4754.25,8.466794233832385
Hoa Binh,2018,III,83.95,3090000,159.06964122458,100.0,3090000.0,14.943681648873929,0.0,0.64,84.84,17.4,545.44,6.301592808389593
Hoa Binh,2019,III,81.95,3250000,163.51694791292,102.79582367452576,3161607.041829069,14.96659101383238,0.023173799944682605,0.65,84.51,17.4,553.01,6.315376084541477
Hoa Binh,2020,III,81.81,3430000,168.78372148334,106.106809686611,3232591.7725078976,14.988794779792167,0.022452104179829346,0.44,94.01,18.62,528.75,6.270515730360488
Hoa Binh,2021,III,78.92,3430000,171.88042266406,108.05356782152622,3174351.452851039,14.97061390262505,-0.018016602081392663,2.96,111.09,23.63,464.17,6.14025086443609
Hoa Binh,2022,III,79.06,3535000,177.30584109585,111.46428679343252,3171419.3861493245,14.969689801523778,-0.0009236742513438756,1.21,117.61,23.85,497.48,6.20955535478554
Hoa Binh,2023,III,78.02,3640000,183.07341008214,115.0901005828451,3162739.4376806766,14.966949120671522,-0.002736928615167167,1.09,122.86,23.75,499.9,6.214408078419525
Hoa Binh,2024,III,77.11,3750000,189.7026680414,119.2576198581923,3144453.163210097,14.96115055802573,-0.0057817834288586,1.19,139.67,25.62,508.66,6.231779816930511
Hue,2018,III,73.66,3090000,159.06964122458,100.0,3090000.0,14.943681648873929,0.0,4.47,81.1,22.7,590.32,6.380664762750111
Hue,2019,III,73.68,3250000,163.51694791292,102.79582367452576,3161607.041829069,14.96659101383238,0.023173799944682605,4.21,88.49,22.7,597.47,6.392704073340121
Hue,2020,III,73.35,3430000,168.78372148334,106.106809686611,3232591.7725078976,14.988794779792167,0.022452104179829346,4.29,98.08,23.15,561.3,6.330255521948153
Hue,2021,III,68.96,3430000,171.88042266406,108.05356782152622,3174351.452851039,14.97061390262505,-0.018016602081392663,3.6,104.67,28.73,560.35,6.328561588498037
Hue,2022,III,68.15,3535000,177.30584109585,111.46428679343252,3171419.3861493245,14.969689801523778,-0.0009236742513438756,3.55,114.21,29.81,578.57,6.3605595419064205
Hue,2023,III,67.81,3640000,183.07341008214,115.0901005828451,3162739.4376806766,14.966949120671522,-0.002736928615167167,2.51,123.0,30.12,588.08,6.376862993065832
Hue,2024,III,66.21,3750000,189.7026680414,119.2576198581923,3144453.163210097,14.96115055802573,-0.0057817834288586,2.35,133.3,31.3,598.76,6.394860850047035
Hung Yen,2018,II,71.51,3530000,159.06964122458,100.0,3530000.0,15.07680842890948,0.0,0.93,114.94,20.4,723.16,6.583630497813814
Hung Yen,2019,II,68.89,3710000,163.51694791292,102.79582367452576,3609096.038518722,15.098967894110077,0.02240680977867493,2.08,129.73,25.3,713.58,6.570294553967209
Hung Yen,2020,II,66.51,3920000,168.78372148334,106.106809686611,3694390.5971518825,15.12232617241669,0.023633219433021102,2.67,142.25,26.35,705.2,6.558481450523715
Hung Yen,2021,II,66.34,3920000,171.88042266406,108.05356782152622,3627830.2318297587,15.104145295249573,-0.018016602081392552,2.05,169.18,26.66,668.53,6.505081272124453
Hung Yen,2022,II,62.33,4040000,177.30584109585,111.46428679343252,3624479.2984563704,15.1032211941483,-0.0009236742513439866,1.86,196.43,28.14,671.95,6.5101839329930735
Hung Yen,2023,II,63.22,4160000,183.07341008214,115.0901005828451,3614559.3573493445,15.100480513296045,-0.0027369286151670558,1.89,209.96,28.19,680.91,6.523430138825488
Hung Yen,2024,II,63.76,4285000,189.7026680414,119.2576198581923,3593061.8144947365,15.094515270093154,-0.0059474864649540216,1.66,227.07,29.28,683.45,6.527153500598662
Khanh Hoa,2018,II,74.62,3530000,159.06964122458,100.0,3530000.0,15.07680842890948,0.0,3.46,114.63,18.8,682.49,6.525747874937121
Khanh Hoa,2019,II,73.77,3710000,163.51694791292,102.79582367452576,3609096.038518722,15.098967894110077,0.02240680977867493,3.49,129.1,22.8,671.92,6.510139285817371
Khanh Hoa,2020,II,72.47,3920000,168.78372148334,106.106809686611,3694390.5971518825,15.12232617241669,0.023633219433021102,4.7,124.08,23.88,642.51,6.465382380850588
Khanh Hoa,2021,II,74.31,3920000,171.88042266406,108.05356782152622,3627830.2318297587,15.104145295249573,-0.018016602081392552,5.72,133.9,25.57,591.96,6.383439065033647
Khanh Hoa,2022,II,74.04,4040000,177.30584109585,111.46428679343252,3624479.2984563704,15.1032211941483,-0.0009236742513439866,3.37,148.61,25.3,651.16,6.478755387740309
Khanh Hoa,2023,II,73.19,4160000,183.07341008214,115.0901005828451,3614559.3573493445,15.100480513296045,-0.0027369286151670558,2.44,167.19,25.3,667.53,6.503584333084686
Khanh Hoa,2024,II,71.0,4285000,189.7026680414,119.2576198581923,3593061.8144947365,15.094515270093154,-0.0059474864649540216,2.5,194.36,26.23,681.32,6.5240320929923765
Kien Giang,2018,II,80.92,3530000,159.06964122458,100.0,3530000.0,15.07680842890948,0.0,3.04,97.35,15.4,918.5,6.822741904655181
Kien Giang,2019,II,85.64,3710000,163.51694791292,102.79582367452576,3609096.038518722,15.098967894110077,0.02240680977867493,3.56,103.16,13.6,921.84,6.8263716727057595
Kien Giang,2020,II,85.48,3920000,168.78372148334,106.106809686611,3694390.5971518825,15.12232617241669,0.023633219433021102,4.35,108.45,14.76,887.08,6.7879351698998285
Kien Giang,2021,II,84.69,3920000,171.88042266406,108.05356782152622,3627830.2318297587,15.104145295249573,-0.018016602081392552,4.52,117.8,15.75,878.05,6.7777035396218634
Kien Giang,2022,II,82.17,4040000,177.30584109585,111.46428679343252,3624479.2984563704,15.1032211941483,-0.0009236742513439866,2.82,128.18,16.04,905.9,6.808928924675242
Kien Giang,2023,II,81.26,4160000,183.07341008214,115.0901005828451,3614559.3573493445,15.100480513296045,-0.0027369286151670558,2.97,141.45,16.8,900.3,6.802728041114431
Kien Giang,2024,II,79.81,4285000,189.7026680414,119.2576198581923,3593061.8144947365,15.094515270093154,-0.0059474864649540216,3.17,158.84,17.42,901.58,6.804148779693367
Kon Tum,2018,IV,77.02,2760000,159.06964122458,100.0,2760000.0,14.830741237693333,0.0,1.0,64.88,18.0,310.28,5.73747511562267
Kon Tum,2019,IV,85.26,2920000,163.51694791292,102.79582367452576,2840582.326812579,14.859519633770924,0.02919649522194878,1.16,70.08,12.9,312.67,5.745148321262097
Kon Tum,2020,IV,81.6,3070000,168.78372148334,106.106809686611,2893311.003381704,14.877912080213424,0.018562629243804363,1.05,77.17,15.98,309.7,5.735604086979157
Kon Tum,2021,IV,81.73,3070000,171.88042266406,108.05356782152622,2841183.3703360613,14.859731203046309,-0.018016602081392552,0.51,86.56,18.17,313.55,5.74795883698903
Kon Tum,2022,IV,81.74,3160000,177.30584109585,111.46428679343252,2834988.758198547,14.857548529774062,-0.0021802929730584397,0.67,95.89,17.6,326.43,5.788215530631031
Kon Tum,2023,IV,81.65,3250000,183.07341008214,115.0901005828451,2823874.4979291754,14.853620435364519,-0.003920389538487723,0.65,103.69,17.82,336.24,5.817825190696861
Kon Tum,2024,IV,80.09,3350000,189.7026680414,119.2576198581923,2809044.8258010196,14.848355063880385,-0.005251533713354073,0.55,118.33,18.66,344.57,5.842297262846187
Lai Chau,2018,IV,88.15,2760000,159.06964122458,100.0,2760000.0,14.830741237693333,0.0,0.33,67.68,14.2,271.28,5.603151497817383
Lai Chau,2019,IV,88.65,2920000,163.51694791292,102.79582367452576,2840582.326812579,14.859519633770924,0.02919649522194878,0.54,63.81,13.3,281.78,5.64112662462513
Lai Chau,2020,IV,89.94,3070000,168.78372148334,106.106809686611,2893311.003381704,14.877912080213424,0.018562629243804363,0.42,71.92,12.53,283.04,5.645588230411475
Lai Chau,2021,IV,79.06,3070000,171.88042266406,108.05356782152622,2841183.3703360613,14.859731203046309,-0.018016602081392552,2.28,129.5,25.61,165.01,5.106006078124714
Lai Chau,2022,IV,82.53,3160000,177.30584109585,111.46428679343252,2834988.758198547,14.857548529774062,-0.0021802929730584397,1.23,117.09,23.84,206.5,5.330300412401088
Lai Chau,2023,IV,84.41,3250000,183.07341008214,115.0901005828451,2823874.4979291754,14.853620435364519,-0.003920389538487723,1.21,115.33,23.8,215.52,5.373053712662054
Lai Chau,2024,IV,87.49,3350000,189.7026680414,119.2576198581923,2809044.8258010196,14.848355063880385,-0.005251533713354073,1.43,129.35,23.8,231.29,5.443672334407408
Lam Dong,2018,II,84.37,3530000,159.06964122458,100.0,3530000.0,15.07680842890948,0.0,0.08,91.35,16.6,792.31,6.674952729373308
Lam Dong,2019,II,82.97,3710000,163.51694791292,102.79582367452576,3609096.038518722,15.098967894110077,0.02240680977867493,0.84,102.93,16.7,763.74,6.638227417110398
Lam Dong,2020,II,84.54,3920000,168.78372148334,106.106809686611,3694390.5971518825,15.12232617241669,0.023633219433021102,0.98,107.96,18.5,762.98,6.637231818621117
Lam Dong,2021,II,83.8,3920000,171.88042266406,108.05356782152622,3627830.2318297587,15.104145295249573,-0.018016602081392552,1.49,115.3,20.49,768.54,6.6444926110711
Lam Dong,2022,II,82.52,4040000,177.30584109585,111.46428679343252,3624479.2984563704,15.1032211941483,-0.0009236742513439866,0.65,130.72,21.8,793.47,6.6764157320683895
Lam Dong,2023,II,82.6,4160000,183.07341008214,115.0901005828451,3614559.3573493445,15.100480513296045,-0.0027369286151670558,0.53,143.63,22.65,795.56,6.679046269195045
Lam Dong,2024,II,83.05,4285000,189.7026680414,119.2576198581923,3593061.8144947365,15.094515270093154,-0.0059474864649540216,0.74,170.73,23.03,797.19,6.6810930443563015
Lang Son,2018,III,79.52,3090000,159.06964122458,100.0,3090000.0,14.943681648873929,0.0,3.08,61.26,19.8,484.45,6.1830142268310135
Lang Son,2019,III,82.96,3250000,163.51694791292,102.79582367452576,3161607.041829069,14.96659101383238,0.023173799944682605,2.82,67.3,16.5,487.33,6.188941511672941
Lang Son,2020,III,79.37,3430000,168.78372148334,106.106809686611,3232591.7725078976,14.988794779792167,0.022452104179829346,1.84,72.73,21.0,479.69,6.17314006192842
Lang Son,2021,III,73.09,3430000,171.88042266406,108.05356782152622,3174351.452851039,14.97061390262505,-0.018016602081392663,7.82,125.3,27.8,299.98,5.703715805767214
Lang Son,2022,III,68.63,3535000,177.30584109585,111.46428679343252,3171419.3861493245,14.969689801523778,-0.0009236742513438756,6.34,136.48,28.5,306.22,5.724303797876949
Lang Son,2023,III,70.64,3640000,183.07341008214,115.0901005828451,3162739.4376806766,14.966949120671522,-0.002736928615167167,4.28,148.05,27.63,315.34,5.7536514218093355
Lang Son,2024,III,72.86,3750000,189.7026680414,119.2576198581923,3144453.163210097,14.96115055802573,-0.0057817834288586,4.17,158.16,29.01,320.97,5.771347660818625
Lao Cai,2018,III,80.97,3090000,159.06964122458,100.0,3090000.0,14.943681648873929,0.0,1.08,102.43,17.1,437.47,6.08100813201797
Lao Cai,2019,III,82.63,3250000,163.51694791292,102.79582367452576,3161607.041829069,14.96659101383238,0.023173799944682605,1.81,116.65,19.5,428.2,6.059590376155582
Lao Cai,2020,III,81.67,3430000,168.78372148334,106.106809686611,3232591.7725078976,14.988794779792167,0.022452104179829346,1.62,126.03,20.99,426.27,6.055072948318093
Lao Cai,2021,III,81.04,3430000,171.88042266406,108.05356782152622,3174351.452851039,14.97061390262505,-0.018016602081392663,1.94,150.86,24.59,375.98,5.929535950485816
Lao Cai,2022,III,79.94,3535000,177.30584109585,111.46428679343252,3171419.3861493245,14.969689801523778,-0.0009236742513438756,1.47,169.54,22.74,390.79,5.9681703313049
Lao Cai,2023,III,78.43,3640000,183.07341008214,115.0901005828451,3162739.4376806766,14.966949120671522,-0.002736928615167167,1.49,169.78,22.77,391.92,5.9710577373303195
Lao Cai,2024,III,75.39,3750000,189.7026680414,119.2576198581923,3144453.163210097,14.96115055802573,-0.0057817834288586,1.6,187.34,24.0,393.11,5.974089470923892
Long An,2018,II,66.05,3530000,159.06964122458,100.0,3530000.0,15.07680842890948,0.0,2.34,113.79,16.1,969.64,6.876924868589534
Long An,2019,II,66.23,3710000,163.51694791292,102.79582367452576,3609096.038518722,15.098967894110077,0.02240680977867493,5.34,123.21,16.7,1001.55,6.909304078971988
Long An,2020,II,64.33,3920000,168.78372148334,106.106809686611,3694390.5971518825,15.12232617241669,0.023633219433021102,2.15,129.71,15.93,1008.87,6.916586171616892
Long An,2021,II,61.84,3920000,171.88042266406,108.05356782152622,3627830.2318297587,15.104145295249573,-0.018016602081392552,2.28,141.78,15.13,971.96,6.879314651350287
Long An,2022,II,60.91,4040000,177.30584109585,111.46428679343252,3624479.2984563704,15.1032211941483,-0.0009236742513439866,1.89,159.5,15.08,982.01,6.889601491602005
Long An,2023,II,60.16,4160000,183.07341008214,115.0901005828451,3614559.3573493445,15.100480513296045,-0.0027369286151670558,1.89,164.04,15.94,995.08,6.902823135936575
Long An,2024,II,62.7,4285000,189.7026680414,119.2576198581923,3593061.8144947365,15.094515270093154,-0.0059474864649540216,1.99,181.53,17.16,1001.51,6.9092641400784895
Nam Dinh,2018,III,75.7,3090000,159.06964122458,100.0,3090000.0,14.943681648873929,0.0,0.68,57.54,15.9,1082.87,6.987370202861539
Nam Dinh,2019,III,75.46,3250000,163.51694791292,102.79582367452576,3161607.041829069,14.96659101383238,0.023173799944682605,1.31,66.91,17.7,1039.06,6.946071737266341
Nam Dinh,2020,III,76.4,3430000,168.78372148334,106.106809686611,3232591.7725078976,14.988794779792167,0.022452104179829346,1.68,75.18,20.07,1010.9,6.918596302160012
Nam Dinh,2021,III,70.17,3430000,171.88042266406,108.05356782152622,3174351.452851039,14.97061390262505,-0.018016602081392663,1.71,87.6,22.01,933.89,6.839358658273784
Nam Dinh,2022,III,68.52,3535000,177.30584109585,111.46428679343252,3171419.3861493245,14.969689801523778,-0.0009236742513438756,1.65,94.91,21.5,952.0,6.858565034791365
Nam Dinh,2023,III,66.91,3640000,183.07341008214,115.0901005828451,3162739.4376806766,14.966949120671522,-0.002736928615167167,1.57,101.93,21.69,955.44,6.8621719673601715
Nam Dinh,2024,III,65.37,3750000,189.7026680414,119.2576198581923,3144453.163210097,14.96115055802573,-0.0057817834288586,1.25,116.15,23.75,957.53,6.864357052156667
Nghe An,2018,III,83.2,3090000,159.06964122458,100.0,3090000.0,14.943681648873929,0.0,1.28,62.74,20.8,1915.72,7.557848810064582
Nghe An,2019,III,83.96,3250000,163.51694791292,102.79582367452576,3161607.041829069,14.96659101383238,0.023173799944682605,1.3,69.83,20.7,1904.36,7.551901273109019
Nghe An,2020,III,83.18,3430000,168.78372148334,106.106809686611,3232591.7725078976,14.988794779792167,0.022452104179829346,1.26,76.01,20.76,1906.34,7.552940452355972
Nghe An,2021,III,81.07,3430000,171.88042266406,108.05356782152622,3174351.452851039,14.97061390262505,-0.018016602081392663,2.11,99.05,23.37,1590.66,7.371904303426078
Nghe An,2022,III,77.5,3535000,177.30584109585,111.46428679343252,3171419.3861493245,14.969689801523778,-0.0009236742513438756,1.77,110.55,25.29,1596.95,7.375850839021065
Nghe An,2023,III,76.69,3640000,183.07341008214,115.0901005828451,3162739.4376806766,14.966949120671522,-0.002736928615167167,2.03,118.38,25.66,1597.23,7.376026157882693
Nghe An,2024,III,75.95,3750000,189.7026680414,119.2576198581923,3144453.163210097,14.96115055802573,-0.0057817834288586,2.08,131.72,26.53,1601.34,7.378596057720434
Ninh Binh,2018,III,76.47,3090000,159.06964122458,100.0,3090000.0,14.943681648873929,0.0,1.36,91.87,27.4,576.25,6.356541594310858
Ninh Binh,2019,III,74.78,3250000,163.51694791292,102.79582367452576,3161607.041829069,14.96659101383238,0.023173799944682605,0.52,106.7,28.9,579.14,6.3615442445453505
Ninh Binh,2020,III,73.17,3430000,168.78372148334,106.106809686611,3232591.7725078976,14.988794779792167,0.022452104179829346,1.36,120.51,30.16,556.95,6.322475469291199
Ninh Binh,2021,III,69.26,3430000,171.88042266406,108.05356782152622,3174351.452851039,14.97061390262505,-0.018016602081392663,1.34,147.97,31.74,481.65,6.1772177092036324
Ninh Binh,2022,III,65.31,3535000,177.30584109585,111.46428679343252,3171419.3861493245,14.969689801523778,-0.0009236742513438756,1.32,166.37,31.79,483.5,6.181051314893349
Ninh Binh,2023,III,61.85,3640000,183.07341008214,115.0901005828451,3162739.4376806766,14.966949120671522,-0.002736928615167167,1.28,173.61,33.61,487.38,6.189044106290917
Ninh Binh,2024,III,63.1,3750000,189.7026680414,119.2576198581923,3144453.163210097,14.96115055802573,-0.0057817834288586,1.07,191.01,33.93,492.95,6.200407749021051
Ninh Thuan,2018,III,82.32,3090000,159.06964122458,100.0,3090000.0,14.943681648873929,0.0,3.29,77.88,19.3,330.17,5.799607673330689
Ninh Thuan,2019,III,84.17,3250000,163.51694791292,102.79582367452576,3161607.041829069,14.96659101383238,0.023173799944682605,2.93,94.75,18.9,328.76,5.795328001280299
Ninh Thuan,2020,III,87.16,3430000,168.78372148334,106.106809686611,3232591.7725078976,14.988794779792167,0.022452104179829346,3.32,110.22,16.16,318.36,5.763182817937649
Ninh Thuan,2021,III,86.32,3430000,171.88042266406,108.05356782152622,3174351.452851039,14.97061390262505,-0.018016602081392663,3.43,131.8,18.79,315.16,5.753080446377488
Ninh Thuan,2022,III,85.13,3535000,177.30584109585,111.46428679343252,3171419.3861493245,14.969689801523778,-0.0009236742513438756,1.99,141.56,17.66,326.92,5.789715492647929
Ninh Thuan,2023,III,83.12,3640000,183.07341008214,115.0901005828451,3162739.4376806766,14.966949120671522,-0.002736928615167167,2.4,157.0,18.61,327.48,5.791426984508248
Ninh Thuan,2024,III,83.47,3750000,189.7026680414,119.2576198581923,3144453.163210097,14.96115055802573,-0.0057817834288586,2.72,175.84,18.58,329.93,5.7988805107475185
Phu Tho,2018,III,77.79,3090000,159.06964122458,100.0,3090000.0,14.943681648873929,0.0,1.95,74.43,21.8,828.25,6.719315041180005
Phu Tho,2019,III,73.89,3250000,163.51694791292,102.79582367452576,3161607.041829069,14.96659101383238,0.023173799944682605,1.46,82.17,24.6,840.01,6.733413796528403
Phu Tho,2020,III,76.45,3430000,168.78372148334,106.106809686611,3232591.7725078976,14.988794779792167,0.022452104179829346,1.47,89.89,25.17,836.42,6.729130879272417
Phu Tho,2021,III,67.35,3430000,171.88042266406,108.05356782152622,3174351.452851039,14.97061390262505,-0.018016602081392663,0.93,120.95,34.59,673.0,6.511745329644728
Phu Tho,2022,III,63.53,3535000,177.30584109585,111.46428679343252,3171419.3861493245,14.969689801523778,-0.0009236742513438756,1.12,128.0,33.21,706.75,6.5606769965737
Phu Tho,2023,III,63.73,3640000,183.07341008214,115.0901005828451,3162739.4376806766,14.966949120671522,-0.002736928615167167,1.29,139.55,34.05,713.64,6.570378633506502
Phu Tho,2024,III,61.45,3750000,189.7026680414,119.2576198581923,3144453.163210097,14.96115055802573,-0.0057817834288586,1.51,157.46,35.23,716.6,6.574517804870854
Phu Yen,2018,III,87.54,3090000,159.06964122458,100.0,3090000.0,14.943681648873929,0.0,1.21,74.57,14.8,517.7,6.249395923907856
Phu Yen,2019,III,85.28,3250000,163.51694791292,102.79582367452576,3161607.041829069,14.96659101383238,0.023173799944682605,2.17,83.23,16.6,510.13,6.23466559519717
Phu Yen,2020,III,86.46,3430000,168.78372148334,106.106809686611,3232591.7725078976,14.988794779792167,0.022452104179829346,2.76,88.66,17.52,497.89,6.210379169092156
Phu Yen,2021,III,80.48,3430000,171.88042266406,108.05356782152622,3174351.452851039,14.97061390262505,-0.018016602081392663,3.29,100.0,21.62,451.15,6.11179987844051
Phu Yen,2022,III,81.16,3535000,177.30584109585,111.46428679343252,3171419.3861493245,14.969689801523778,-0.0009236742513438756,2.95,109.81,21.67,456.04,6.122580524965519
Phu Yen,2023,III,79.5,3640000,183.07341008214,115.0901005828451,3162739.4376806766,14.966949120671522,-0.002736928615167167,2.57,119.73,23.08,462.28,6.136170768107241
Phu Yen,2024,III,80.6,3750000,189.7026680414,119.2576198581923,3144453.163210097,14.96115055802573,-0.0057817834288586,2.46,129.63,23.9,466.03,6.144250009735895
Quang Binh,2018,III,81.63,3090000,159.06964122458,100.0,3090000.0,14.943681648873929,0.0,3.42,69.22,25.1,511.31,6.236976059884137
Quang Binh,2019,III,85.78,3250000,163.51694791292,102.79582367452576,3161607.041829069,14.96659101383238,0.023173799944682605,1.34,76.81,21.7,510.64,6.235664840947802
Quang Binh,2020,III,86.46,3430000,168.78372148334,106.106809686611,3232591.7725078976,14.988794779792167,0.022452104179829346,3.49,85.3,21.87,489.81,6.1940175608061825
Quang Binh,2021,III,82.56,3430000,171.88042266406,108.05356782152622,3174351.452851039,14.97061390262505,-0.018016602081392663,3.6,107.05,26.53,419.33,6.038658199435085
Quang Binh,2022,III,77.18,3535000,177.30584109585,111.46428679343252,3171419.3861493245,14.969689801523778,-0.0009236742513438756,3.35,118.86,26.98,421.99,6.044981617072777
Quang Binh,2023,III,76.93,3640000,183.07341008214,115.0901005828451,3162739.4376806766,14.966949120671522,-0.002736928615167167,3.16,128.7,27.66,422.96,6.0472776119271945
Quang Binh,2024,III,77.23,3750000,189.7026680414,119.2576198581923,3144453.163210097,14.96115055802573,-0.0057817834288586,3.06,141.18,28.45,423.89,6.049473987610882
Quang Nam,2018,III,74.93,3090000,159.06964122458,100.0,3090000.0,14.943681648873929,0.0,3.18,104.12,20.3,881.23,6.781318658833481
Quang Nam,2019,III,76.11,3250000,163.51694791292,102.79582367452576,3161607.041829069,14.96659101383238,0.023173799944682605,3.2,113.46,18.7,871.74,6.770491214311303
Quang Nam,2020,III,72.89,3430000,168.78372148334,106.106809686611,3232591.7725078976,14.988794779792167,0.022452104179829346,4.09,114.52,21.49,859.68,6.756560226980511
Quang Nam,2021,III,71.97,3430000,171.88042266406,108.05356782152622,3174351.452851039,14.97061390262505,-0.018016602081392663,4.21,134.07,26.57,790.23,6.672324042328769
Quang Nam,2022,III,67.61,3535000,177.30584109585,111.46428679343252,3171419.3861493245,14.969689801523778,-0.0009236742513438756,4.05,147.92,26.66,808.75,6.695489845815111
Quang Nam,2023,III,65.44,3640000,183.07341008214,115.0901005828451,3162739.4376806766,14.966949120671522,-0.002736928615167167,4.04,143.62,27.51,808.57,6.695267255355902
Quang Nam,2024,III,62.88,3750000,189.7026680414,119.2576198581923,3144453.163210097,14.96115055802573,-0.0057817834288586,3.89,157.43,28.48,815.0,6.703188113240863
Quang Ngai,2018,III,84.76,3090000,159.06964122458,100.0,3090000.0,14.943681648873929,0.0,2.35,114.95,18.2,725.03,6.58621303330892
Quang Ngai,2019,III,83.15,3250000,163.51694791292,102.79582367452576,3161607.041829069,14.96659101383238,0.023173799944682605,2.3,119.83,20.9,725.05,6.586240617993904
Quang Ngai,2020,III,79.67,3430000,168.78372148334,106.106809686611,3232591.7725078976,14.988794779792167,0.022452104179829346,3.19,120.46,22.03,711.42,6.5672629726980345
Quang Ngai,2021,III,77.07,3430000,171.88042266406,108.05356782152622,3174351.452851039,14.97061390262505,-0.018016602081392663,2.28,154.19,26.12,657.7,6.488748900307305
Quang Ngai,2022,III,73.78,3535000,177.30584109585,111.46428679343252,3171419.3861493245,14.969689801523778,-0.0009236742513438756,1.82,185.85,25.19,664.03,6.498327329178707
Quang Ngai,2023,III,73.25,3640000,183.07341008214,115.0901005828451,3162739.4376806766,14.966949120671522,-0.002736928615167167,2.09,188.79,26.06,667.09,6.502924969346782
Quang Ngai,2024,III,71.82,3750000,189.7026680414,119.2576198581923,3144453.163210097,14.96115055802573,-0.0057817834288586,2.64,196.58,27.36,668.32,6.504767100748865
Quang Ninh,2018,I,62.54,3980000,159.06964122458,100.0,3980000.0,15.196792377260621,0.0,3.19,229.22,35.6,721.35,6.581124456391781
Quang Ninh,2019,I,63.1,4180000,163.51694791292,102.79582367452576,4066313.0568755413,15.218247264027399,0.021686697707422375,2.73,265.0,37.7,716.48,6.57435033341039
Quang Ninh,2020,I,62.12,4420000,168.78372148334,106.106809686611,4165613.887604929,15.242374214703926,0.02442036049376095,3.22,309.04,38.65,673.5,6.512487995850418
Quang Ninh,2021,I,56.92,4420000,171.88042266406,108.05356782152622,4090563.6797672277,15.224193337536809,-0.018016602081392663,2.23,351.31,41.39,654.37,6.483672940716908
Quang Ninh,2022,I,49.84,4550000,177.30584109585,111.46428679343252,4082024.952469427,15.222103735138102,-0.002087420699507736,2.21,405.68,41.78,664.28,6.498703747338553
Quang Ninh,2023,I,49.89,4680000,183.07341008214,115.0901005828451,4066379.2770180125,15.218263548952427,-0.003832822100205413,2.22,438.65,41.89,671.14,6.508977759023789
Quang Ninh,2024,I,49.47,4820000,189.7026680414,119.2576198581923,4041670.465779377,15.21216864610592,-0.006076366604139016,2.15,481.87,42.35,678.46,6.519825523963033
Quang Tri,2018,III,77.87,3090000,159.06964122458,100.0,3090000.0,14.943681648873929,0.0,3.71,85.57,26.0,334.79,5.81350346959099
Quang Tri,2019,III,80.68,3250000,163.51694791292,102.79582367452576,3161607.041829069,14.96659101383238,0.023173799944682605,3.16,93.68,23.2,340.41,5.830150773471008
Quang Tri,2020,III,79.14,3430000,168.78372148334,106.106809686611,3232591.7725078976,14.988794779792167,0.022452104179829346,3.93,100.15,25.6,336.31,5.818033353659475
Quang Tri,2021,III,77.4,3430000,171.88042266406,108.05356782152622,3174351.452851039,14.97061390262505,-0.018016602081392663,3.83,116.73,27.7,321.35,5.772530871817295
Quang Tri,2022,III,75.05,3535000,177.30584109585,111.46428679343252,3171419.3861493245,14.969689801523778,-0.0009236742513438756,2.77,129.71,27.09,326.42,5.78818489572255
Quang Tri,2023,III,74.59,3640000,183.07341008214,115.0901005828451,3162739.4376806766,14.966949120671522,-0.002736928615167167,2.76,141.91,27.96,327.02,5.79002133110644
Quang Tri,2024,III,75.26,3750000,189.7026680414,119.2576198581923,3144453.163210097,14.96115055802573,-0.0057817834288586,2.22,153.9,30.03,329.97,5.799001741237135
Soc Trang,2018,III,85.23,3090000,159.06964122458,100.0,3090000.0,14.943681648873929,0.0,3.4,77.23,11.4,649.14,6.475648409927537
Soc Trang,2019,III,86.05,3250000,163.51694791292,102.79582367452576,3161607.041829069,14.96659101383238,0.023173799944682605,2.91,83.49,12.2,639.4,6.460530236625741
Soc Trang,2020,III,84.28,3430000,168.78372148334,106.106809686611,3232591.7725078976,14.988794779792167,0.022452104179829346,2.1,87.05,15.17,629.64,6.44514822748662
Soc Trang,2021,III,87.14,3430000,171.88042266406,108.05356782152622,3174351.452851039,14.97061390262505,-0.018016602081392663,3.13,97.16,11.9,596.87,6.391699334236557
Soc Trang,2022,III,85.22,3535000,177.30584109585,111.46428679343252,3171419.3861493245,14.969689801523778,-0.0009236742513438756,3.37,108.69,12.0,607.23,6.408907631975554
Soc Trang,2023,III,84.17,3640000,183.07341008214,115.0901005828451,3162739.4376806766,14.966949120671522,-0.002736928615167167,3.39,118.0,12.17,608.36,6.410766812004168
Soc Trang,2024,III,83.85,3750000,189.7026680414,119.2576198581923,3144453.163210097,14.96115055802573,-0.0057817834288586,3.58,129.68,12.92,609.52,6.412671762164754
Son La,2018,IV,87.13,2760000,159.06964122458,100.0,2760000.0,14.830741237693333,0.0,0.23,67.13,14.9,741.5,6.608675161577986
Son La,2019,IV,91.12,2920000,163.51694791292,102.79582367452576,2840582.326812579,14.859519633770924,0.02919649522194878,0.74,64.92,11.2,765.71,6.640803507978946
Son La,2020,IV,89.0,3070000,168.78372148334,106.106809686611,2893311.003381704,14.877912080213424,0.018562629243804363,0.67,71.87,13.1,765.78,6.640894922222654
Son La,2021,IV,85.66,3070000,171.88042266406,108.05356782152622,2841183.3703360613,14.859731203046309,-0.018016602081392552,1.03,103.6,16.78,550.07,6.310045542855303
Son La,2022,IV,83.66,3160000,177.30584109585,111.46428679343252,2834988.758198547,14.857548529774062,-0.0021802929730584397,2.38,109.98,18.51,585.93,6.373200328516909
Son La,2023,IV,85.62,3250000,183.07341008214,115.0901005828451,2823874.4979291754,14.853620435364519,-0.003920389538487723,2.11,111.57,18.95,598.53,6.394476649055079
Son La,2024,IV,85.11,3350000,189.7026680414,119.2576198581923,2809044.8258010196,14.848355063880385,-0.005251533713354073,1.89,126.62,19.2,603.0,6.401917196727186
Tay Ninh,2018,III,69.95,3090000,159.06964122458,100.0,3090000.0,14.943681648873929,0.0,1.52,109.11,14.8,663.3,6.4972273765315105
Tay Ninh,2019,III,66.68,3250000,163.51694791292,102.79582367452576,3161607.041829069,14.96659101383238,0.023173799944682605,1.54,118.75,12.7,696.4,6.545924207894034
Tay Ninh,2020,II,64.36,3920000,168.78372148334,106.106809686611,3694390.5971518825,15.12232617241669,0.023633219433021102,1.72,127.99,14.7,681.46,6.524237555356797
Tay Ninh,2021,II,67.84,3920000,171.88042266406,108.05356782152622,3627830.2318297587,15.104145295249573,-0.018016602081392552,2.66,141.56,16.01,639.39,6.460514596841257
Tay Ninh,2022,II,64.27,4040000,177.30584109585,111.46428679343252,3624479.2984563704,15.1032211941483,-0.0009236742513439866,1.69,156.1,17.82,659.52,6.491512297702094
Tay Ninh,2023,II,64.39,4160000,183.07341008214,115.0901005828451,3614559.3573493445,15.100480513296045,-0.0027369286151670558,1.55,166.3,18.22,669.47,6.506486354567876
Tay Ninh,2024,II,64.11,4285000,189.7026680414,119.2576198581923,3593061.8144947365,15.094515270093154,-0.0059474864649540216,1.39,183.49,20.09,678.81,6.520341265131346
Thai Binh,2018,III,78.02,3090000,159.06964122458,100.0,3090000.0,14.943681648873929,0.0,1.44,66.81,18.4,1109.64,7.011790917377548
Thai Binh,2019,III,77.9,3250000,163.51694791292,102.79582367452576,3161607.041829069,14.96659101383238,0.023173799944682605,1.32,75.11,15.3,1121.12,7.022083464622224
Thai Binh,2020,III,80.75,3430000,168.78372148334,106.106809686611,3232591.7725078976,14.988794779792167,0.022452104179829346,1.24,83.44,17.89,1073.74,6.978903160100266
Thai Binh,2021,III,76.99,3430000,171.88042266406,108.05356782152622,3174351.452851039,14.97061390262505,-0.018016602081392663,1.72,102.58,19.34,942.59,6.848631405479398
Thai Binh,2022,III,63.48,3535000,177.30584109585,111.46428679343252,3171419.3861493245,14.969689801523778,-0.0009236742513438756,1.13,111.47,19.58,972.96,6.8803429713718
Thai Binh,2023,III,60.53,3640000,183.07341008214,115.0901005828451,3162739.4376806766,14.966949120671522,-0.002736928615167167,0.99,120.32,22.89,978.82,6.886347764543252
Thai Binh,2024,III,59.62,3750000,189.7026680414,119.2576198581923,3144453.163210097,14.96115055802573,-0.0057817834288586,1.21,132.14,23.93,986.04,6.893696921731097
Thai Nguyen,2018,II,70.57,3530000,159.06964122458,100.0,3530000.0,15.07680842890948,0.0,1.19,145.64,24.7,741.09,6.608122075410602
Thai Nguyen,2019,II,69.01,3710000,163.51694791292,102.79582367452576,3609096.038518722,15.098967894110077,0.02240680977867493,1.61,153.09,27.2,766.39,6.641691178554823
Thai Nguyen,2020,II,63.46,3920000,168.78372148334,106.106809686611,3694390.5971518825,15.12232617241669,0.023633219433021102,1.7,162.77,28.24,757.96,6.630630613801414
Thai Nguyen,2021,II,59.07,3920000,171.88042266406,108.05356782152622,3627830.2318297587,15.104145295249573,-0.018016602081392552,1.57,224.13,35.4,590.14,6.380359796886982
Thai Nguyen,2022,II,53.33,4040000,177.30584109585,111.46428679343252,3624479.2984563704,15.1032211941483,-0.0009236742513439866,1.47,243.92,35.93,602.56,6.401187245468788
Thai Nguyen,2023,II,54.85,4160000,183.07341008214,115.0901005828451,3614559.3573493445,15.100480513296045,-0.0027369286151670558,1.78,245.85,36.62,606.48,6.407671751748048
Thai Nguyen,2024,II,53.61,4285000,189.7026680414,119.2576198581923,3593061.8144947365,15.094515270093154,-0.0059474864649540216,1.66,255.43,38.1,611.92,6.41660155501361
Thanh Hoa,2018,III,75.47,3090000,159.06964122458,100.0,3090000.0,14.943681648873929,0.0,1.65,65.35,19.4,2237.19,7.712975893064387
Thanh Hoa,2019,III,77.01,3250000,163.51694791292,102.79582367452576,3161607.041829069,14.96659101383238,0.023173799944682605,1.4,77.71,19.4,2267.3,7.726344975232597
Thanh Hoa,2020,III,72.08,3430000,168.78372148334,106.106809686611,3232591.7725078976,14.988794779792167,0.022452104179829346,1.87,85.77,21.39,2190.36,7.691821192862693
Thanh Hoa,2021,III,71.09,3430000,171.88042266406,108.05356782152622,3174351.452851039,14.97061390262505,-0.018016602081392663,1.15,109.9,25.14,1947.97,7.574543083673215
Thanh Hoa,2022,III,67.9,3535000,177.30584109585,111.46428679343252,3171419.3861493245,14.969689801523778,-0.0009236742513438756,1.12,129.6,26.4,1955.32,7.578309141889338
Thanh Hoa,2023,III,65.57,3640000,183.07341008214,115.0901005828451,3162739.4376806766,14.966949120671522,-0.002736928615167167,1.19,138.77,27.56,1957.07,7.579203735790616
Thanh Hoa,2024,III,64.44,3750000,189.7026680414,119.2576198581923,3144453.163210097,14.96115055802573,-0.0057817834288586,1.55,156.32,27.94,1958.15,7.579755428940627
Tien Giang,2018,II,76.33,3530000,159.06964122458,100.0,3530000.0,15.07680842890948,0.0,1.67,80.83,11.8,1099.88,7.002956361926525
Tien Giang,2019,II,78.21,3710000,163.51694791292,102.79582367452576,3609096.038518722,15.098967894110077,0.02240680977867493,1.8,87.23,11.7,1105.11,7.0077001565086405
Tien Giang,2020,II,74.69,3920000,168.78372148334,106.106809686611,3694390.5971518825,15.12232617241669,0.023633219433021102,3.14,91.45,14.2,1081.09,6.985725070417818
Tien Giang,2021,II,78.25,3920000,171.88042266406,108.05356782152622,3627830.2318297587,15.104145295249573,-0.018016602081392552,7.32,101.0,13.84,983.22,6.890832899786187
Tien Giang,2022,II,74.72,4040000,177.30584109585,111.46428679343252,3624479.2984563704,15.1032211941483,-0.0009236742513439866,2.03,107.0,13.29,1043.97,6.950786032397524
Tien Giang,2023,II,73.01,4160000,183.07341008214,115.0901005828451,3614559.3573493445,15.100480513296045,-0.0027369286151670558,2.35,116.85,14.25,1059.48,6.965533500701492
Tien Giang,2024,II,73.02,4285000,189.7026680414,119.2576198581923,3593061.8144947365,15.094515270093154,-0.0059474864649540216,2.63,129.26,15.34,1067.28,6.972868634870551
Tra Vinh,2018,III,81.99,3090000,159.06964122458,100.0,3090000.0,14.943681648873929,0.0,3.04,94.61,10.9,570.9,6.347214062970213
Tra Vinh,2019,III,84.16,3250000,163.51694791292,102.79582367452576,3161607.041829069,14.96659101383238,0.023173799944682605,2.88,105.37,11.8,563.74,6.33459315230036
Tra Vinh,2020,III,85.06,3430000,168.78372148334,106.106809686611,3232591.7725078976,14.988794779792167,0.022452104179829346,2.22,112.03,11.56,550.03,6.3099728221935125
Tra Vinh,2021,III,85.83,3430000,171.88042266406,108.05356782152622,3174351.452851039,14.97061390262505,-0.018016602081392663,4.01,124.31,10.77,517.03,6.248100899904227
Tra Vinh,2022,III,82.56,3535000,177.30584109585,111.46428679343252,3171419.3861493245,14.969689801523778,-0.0009236742513438756,2.66,137.0,12.1,534.52,6.28136914791286
Tra Vinh,2023,III,79.36,3640000,183.07341008214,115.0901005828451,3162739.4376806766,14.966949120671522,-0.002736928615167167,2.62,157.87,16.77,532.47,6.277526557968365
Tra Vinh,2024,III,79.59,3750000,189.7026680414,119.2576198581923,3144453.163210097,14.96115055802573,-0.0057817834288586,2.75,183.18,17.37,530.78,6.27434762277305
Tuyen Quang,2018,III,83.78,3090000,159.06964122458,100.0,3090000.0,14.943681648873929,0.0,1.29,59.83,19.4,470.81,6.154454615602348
Tuyen Quang,2019,III,83.21,3250000,163.51694791292,102.79582367452576,3161607.041829069,14.96659101383238,0.023173799944682605,1.44,64.35,20.7,483.64,6.181340828306046
Tuyen Quang,2020,III,82.55,3430000,168.78372148334,106.106809686611,3232591.7725078976,14.988794779792167,0.022452104179829346,1.4,72.74,21.32,474.35,6.161945445838886
Tuyen Quang,2021,III,81.01,3430000,171.88042266406,108.05356782152622,3174351.452851039,14.97061390262505,-0.018016602081392663,3.64,98.9,23.07,366.61,5.904298612720427
Tuyen Quang,2022,III,78.16,3535000,177.30584109585,111.46428679343252,3171419.3861493245,14.969689801523778,-0.0009236742513438756,3.56,110.7,21.63,368.11,5.908381806546806
Tuyen Quang,2023,III,77.34,3640000,183.07341008214,115.0901005828451,3162739.4376806766,14.966949120671522,-0.002736928615167167,3.64,118.19,21.82,369.46,5.912042480130491
Tuyen Quang,2024,III,77.64,3750000,189.7026680414,119.2576198581923,3144453.163210097,14.96115055802573,-0.0057817834288586,3.54,132.04,22.47,372.91,5.921337103666186
Vinh Long,2018,III,78.07,3090000,159.06964122458,100.0,3090000.0,14.943681648873929,0.0,4.48,83.96,18.1,585.66,6.3727394164149285
Vinh Long,2019,III,77.7,3250000,163.51694791292,102.79582367452576,3161607.041829069,14.96659101383238,0.023173799944682605,2.63,89.11,15.3,607.56,6.409450935769818
Vinh Long,2020,III,78.94,3430000,168.78372148334,106.106809686611,3232591.7725078976,14.988794779792167,0.022452104179829346,2.67,99.51,15.79,589.49,6.37925775630513
Vinh Long,2021,III,77.76,3430000,171.88042266406,108.05356782152622,3174351.452851039,14.97061390262505,-0.018016602081392663,3.32,104.2,15.56,567.84,6.341839688898187
Vinh Long,2022,III,77.31,3535000,177.30584109585,111.46428679343252,3171419.3861493245,14.969689801523778,-0.0009236742513438756,2.88,124.75,14.46,568.5,6.343001313190591
Vinh Long,2023,III,75.57,3640000,183.07341008214,115.0901005828451,3162739.4376806766,14.966949120671522,-0.002736928615167167,2.85,130.76,15.89,576.31,6.3566457103656475
Vinh Long,2024,III,76.02,3750000,189.7026680414,119.2576198581923,3144453.163210097,14.96115055802573,-0.0057817834288586,3.18,143.4,17.11,584.97,6.371560563865605
Vinh Phuc,2018,II,66.97,3530000,159.06964122458,100.0,3530000.0,15.07680842890948,0.0,1.76,167.27,22.4,643.43,6.466813241010416
Vinh Phuc,2019,II,64.62,3710000,163.51694791292,102.79582367452576,3609096.038518722,15.098967894110077,0.02240680977867493,1.79,185.8,24.9,636.93,6.456659759423912
Vinh Phuc,2020,II,63.1,3920000,168.78372148334,106.106809686611,3694390.5971518825,15.12232617241669,0.023633219433021102,2.09,199.25,28.59,622.39,6.433566905897062
Vinh Phuc,2021,II,57.63,3920000,171.88042266406,108.05356782152622,3627830.2318297587,15.104145295249573,-0.018016602081392552,1.48,239.12,34.68,570.05,6.345724076279729
Vinh Phuc,2022,II,54.08,4040000,177.30584109585,111.46428679343252,3624479.2984563704,15.1032211941483,-0.0009236742513439866,1.46,260.51,34.89,584.29,6.370397434917958
Vinh Phuc,2023,II,53.77,4160000,183.07341008214,115.0901005828451,3614559.3573493445,15.100480513296045,-0.0027369286151670558,1.72,262.94,35.78,597.43,6.39263712213079
Vinh Phuc,2024,II,53.18,4285000,189.7026680414,119.2576198581923,3593061.8144947365,15.094515270093154,-0.0059474864649540216,1.71,286.01,37.28,604.3,6.404070763367513
Yen Bai,2018,III,83.21,3090000,159.06964122458,100.0,3090000.0,14.943681648873929,0.0,0.49,53.2,20.0,518.64,6.25121000086674
Yen Bai,2019,III,86.47,3250000,163.51694791292,102.79582367452576,3161607.041829069,14.96659101383238,0.023173799944682605,1.66,60.13,17.5,507.71,6.229910418430634
Yen Bai,2020,III,85.22,3430000,168.78372148334,106.106809686611,3232591.7725078976,14.988794779792167,0.022452104179829346,0.73,64.03,19.09,517.77,6.249531128211421
Yen Bai,2021,III,83.37,3430000,171.88042266406,108.05356782152622,3174351.452851039,14.97061390262505,-0.018016602081392663,3.02,99.47,22.2,360.77,5.888240636172677
Yen Bai,2022,III,82.18,3535000,177.30584109585,111.46428679343252,3171419.3861493245,14.969689801523778,-0.0009236742513438756,2.89,112.13,22.9,361.77,5.891008650783611
Yen Bai,2023,III,82.09,3640000,183.07341008214,115.0901005828451,3162739.4376806766,14.966949120671522,-0.002736928615167167,2.71,118.35,23.19,362.3,5.8924725979010315
Yen Bai,2024,III,81.69,3750000,189.7026680414,119.2576198581923,3144453.163210097,14.96115055802573,-0.0057817834288586,2.82,130.78,24.2,365.81,5.902114072925917
